## Project: Shipment Log Database
-- This project stores shipment information including file numbers, containers, consignees, vessels, dates and clients.
  
DROP DATABASE IF EXISTS `shipment_log`;
CREATE DATABASE `shipment_log`;
USE `shipment_log`;


CREATE TABLE shipments (
  file_no VARCHAR(20) NOT NULL,
  consignee VARCHAR(100),
  container_no VARCHAR(50),
  bill_of_lading VARCHAR(100),
  date_received DATE,
  shipping_line VARCHAR(100),
  vessel VARCHAR(50),
  eta DATE,
  PRIMARY KEY (file_no)
);

INSERT INTO shipments (file_no, consignee, container_no, bill_of_lading, date_received, shipping_line, vessel, eta)
VALUES
('TRT/001/2016', 'MR. CHARLES', 'IOAJ9837414', 'MEDU19487019', '2016-01-08', 'MSC', 'MSC FELIXSTOWE', '2016-01-29'),
('TRT/002/2016', 'SEWECO',	'PCIU8646698', 'TAUO50286400', '2016-02-23', 'PIL', 'KOTA SAHABAT', '2016-04-18'),
('TRT/003/2016', 'NATIONAL', 'ESDU4155379', 'EPIRCHNSH9006609', '2016-03-23', 'BFS', 'DERBYB', '2016-03-30'),
('TRT/004/2016', 'F&P CARE', 'RFCU2284762', 'HLCU7812204AYUB3', '2016-04-18', 'HLC', 'ATHEN', '2016-04-20'),
('TRT/005/2016', 'ABEL', 'TCNU56592838', 'NMBA24121022', '2016-04-30', 'ONE', 'KOTA', '2016-05-03'),
('TRT/006/2016', 'JUVIAN GENERAL',	'EGHU3181800', '145599055607', '2016-05-07', 'MAE', 'IRENES SOUTHERN', '2016-05-01'),
('TRT/007/2016', 'RANSSIE INTERNATIONAL', 'MRKU3398993','251653662', '2016-05-13', 'MAE', 'IRENES SOUTHERN', '2016-05-01'),
('TRT/008/2016', 'ROYALE PROPERTY', 'CAT032008516', 'CBW2501LM022', '2016-06-06', 'MES', 'MV SPAR', '2016-07-06'),
('TRT/009/2016', 'AFRICAN PIPES', 'ESDU1345884', 'EMIVCHNXIN005080', '2016-07-08', 'PIL', 'HOPE', '2016-07-01'),
('TRT/010/2016', 'McCARTHY', 'FCIU3501942', 'MCB0296767', '2016-8-21', 'WEC', 'MSC MARA', '2016-08-30'),
('TRT/011/2016', 'CTC INDUSTRY', 'PIDU4455417',	'HAU502278300', '2016-8-29', 'RAS', 'SPIL CAYA', '2016-09-19'),
('TRT/012/2016', 'DAN TWIINE (GAMARA)',	'BSIU9369888', 'ISB1709438', '2016-9-14', 'CMA', 'SPRING', '2016-08-01'),
('TRT/013/2016', 'KIIYA', 'TCKU3565969', 'CAN9065165', '2016-10-06', 'COS', 'STEPHANIE C', '2016-11-15'),
('TRT/014/2016', 'ALICEE AND ALLIN', 'TGBU6634409', '140501607265', '2016-11-09', 'DSS', 'YOKOHAMA STAR', '2016-11-24'),
('TRT/015/2016', 'OFFICE AUTOMATION', 'PCIU8504287', 'NGEC50444000', '2016-12-07', 'EVG', 'BSG BARBADOS', '2017-01-01')
;




CREATE TABLE container_description (
file_no VARCHAR(20) NOT NULL,
consignee VARCHAR(100),
container_no VARCHAR(50),
standard_size VARCHAR(20),
tons DECIMAL(10,2),
container_type VARCHAR(20),
yard_all VARCHAR(20),
PRIMARY KEY (file_no));

INSERT INTO container_description
VALUES
('TRT/001/2016', 'MR. CHARLES', 'IOAJ9837414', '20FT', '19.23', 'STANDARD', 'FENCE'),
('TRT/002/2016', 'SEWECO',	'PCIU8646698', '40FT', '2.00', 'DG', 'YD051'),
('TRT/003/2016', 'NATIONAL', 'ESDU4155379', '20FT', '29.24', 'STANDARD/DG', 'SK/13/C/1'),
('TRT/004/2016', 'F&P CARE', 'RFCU2284762', '40FT', '20.89', 'DG', 'SL2/21/F/1'),
('TRT/005/2016', 'ABEL', 'TCNU56592838', '20FT', '7.00', 'STANDARD', 'SK/33/E/1'),
('TRT/006/2016', 'JUVIAN GENERAL',	'EGHU3181800', '40FT', '8.89', 'STANDARD', 'SN2/22/D/1'),
('TRT/007/2016', 'RANSSIE INTERNATIONAL', 'MRKU3398993', '20FT','25.52', 'DG', 'SM/52/C/4'),
('TRT/008/2016', 'ROYALE PROPERTY','CAT032008516', '1 UNIT', '30.00', 'RORO', 'SK2/07/F/3'),
('TRT/009/2016', 'AFRICAN PIPES', 'ESDU1345884', '20FT', '27.98', 'STANDARD', 'SN/40/C/2'),
('TRT/010/2016', 'McCARTHY', 'FCIU3501942', '40FT', '19.24', 'STANDARD', 'SP2/18/E/3'),
('TRT/011/2016', 'CTC INDUSTRY', 'PIDU4455417',	 '20FT', '5.34', 'STANDARD', 'SK2/63/C/4'),
('TRT/012/2016', 'DAN TWIINE (GAMARA)',	'BSIU9369888',  '40FT', '11.24', 'STANDARD', 'SN2/58/A/1'),
('TRT/013/2016', 'KIIYA', 'TCKU3565969',  '20FT', '21.53', 'STANDARD', 'SM/52/D/2'),
('TRT/014/2016', 'ALICEE AND ALLIN', 'TGBU6634409',  '40FT', '30.24', 'DG', 'SK/57/D/1'),
('TRT/015/2016', 'OFFICE AUTOMATION', 'PCIU8504287',  '20FT', '6.75', 'STANDARD', 'SK2/27/F/2')
;




CREATE TABLE  client (file_no VARCHAR(20) NOT NULL, consignee VARCHAR(100), container_no VARCHAR(50), client VARCHAR(10), PRIMARY KEY (file_no));

INSERT INTO client
VALUES
('TRT/001/2016', 'MR. CHARLES', 'IOAJ9837414', 'MK'),
('TRT/002/2016', 'SEWECO',	'PCIU8646698', 'WAZIR'),
('TRT/003/2016', 'NATIONAL', 'ESDU4155379', 'DESLER'),
('TRT/004/2016', 'F&P CARE', 'RFCU2284762', 'JENNIFER'),
('TRT/005/2016', 'ABEL', 'TCNU56592838', 'MK'),
('TRT/006/2016', 'JUVIAN GENERAL',	'EGHU3181800', 'DESLER'),
('TRT/007/2016', 'RANSSIE INTERNATIONAL', 'MRKU3398993', 'SALABED'),
('TRT/008/2016', 'ROYALE PROPERTY','CAT032008516', 'GAMARA'),
('TRT/009/2016', 'AFRICAN PIPES', 'ESDU1345884', 'SANITA'),
('TRT/010/2016', 'McCARTHY', 'FCIU3501942', 'JORAM'),
('TRT/011/2016', 'CTC INDUSTRY', 'PIDU4455417',	'MUTIMA'),
('TRT/012/2016', 'DAN TWIINE (GAMARA)',	'BSIU9369888', 'MK'),
('TRT/013/2016', 'KIIYA', 'TCKU3565969', 'SALABED'),
('TRT/014/2016', 'ALICEE AND ALLIN', 'TGBU6634409', 'WAZIR'),
('TRT/015/2016', 'OFFICE AUTOMATION', 'PCIU8504287', 'DESLER')
;
